<?xml version="1.0" encoding="UTF-8" ?>
<!DOCTYPE mapper
        PUBLIC "-//mybatis.org//DTD Mapper 3.0//EN"
        "http://mybatis.org/dtd/mybatis-3-mapper.dtd">

<mapper namespace="hqs.Dao.AminstratorinforDao">
    <insert id="createAminstratorinfor" parameterType="hqs.entity.Adminstratorinfor" >
        insert  into adminstratorinfor values (#{Users_Id},#{Admin_Account},#{Admin_Pwd},#{Admin_Name})
    </insert>

    <select id="getAllAdminstratorinfor"  resultType="hqs.entity.Adminstratorinfor">

            select  * from adminstratorinfor
    </select>

    <select id="getAdminByAP" resultType="hqs.entity.Adminstratorinfor">
        select  *
         from
             adminstratorinfor
         <where>
            <if test="account!=null and pwd !=null">
                Admin_Account=#{account} and Admin_Pwd=#{pwd}
            </if>

         </where>
    </select>

    <select id="getAdminByID" resultType="hqs.entity.Adminstratorinfor">
            select  * from  adminstratorinfor where  Users_Id=#{id};
    </select>


    <update id="updateAdminByID" parameterType="hqs.entity.Adminstratorinfor">
        update
        adminstratorinfor
        set
        <trim suffixOverrides=",">
            <if test="Admin_Pwd!= null">
                Admin_Pwd=#{Admin_Pwd},
            </if>
            <if test="Admin_Name!= null">
                Admin_Name=#{Admin_Name}
            </if>
        </trim>
        where
        <if test="Users_Id!=null">
            Users_Id=#{Users_Id}
        </if>
    </update>
</mapper>