<?xml version="1.0" encoding="UTF-8" ?>
<!DOCTYPE mapper
        PUBLIC "-//mybatis.org//DTD Mapper 3.0//EN"
        "http://mybatis.org/dtd/mybatis-3-mapper.dtd">

<mapper namespace="hqs.Dao.CommentsDao">

    <insert id="createComments" parameterType="hqs.entity.Comments" >
        insert  into comments values
            (#{Users_Id},#{News_Id},#{Comment_Content},#{Comment_Date},#{ExtraID})
    </insert>
    <select id="getAllComments" resultType="hqs.entity.Comments">
        select  * from comments
    </select>



    <select id="getAllCommentsV2" resultType="hqs.entity.UserAndComments">
        SELECT
            comments.Users_Id as Users_Id,
            comments.News_Id as News_Id,
            Comment_Content,
            Comment_Date,
            News_Headline,
            User_Name,
            User_IsComment,
            ExtraID
        FROM (comments LEFT JOIN newsscript
            ON comments.News_Id = newsscript.News_Id)
            LEFT JOIN usersinformation ON
         comments.Users_Id = usersinformation.Users_Id
    </select>

    <select id="getAllCommentsByNewsId" resultType="hqs.entity.UserAndComments">

        SELECT
            comments.Users_Id as Users_Id,
            comments.News_Id as News_Id,
            Comment_Content,
            Comment_Date,
            News_Headline,
            User_Name,
            User_IsComment
        FROM (comments LEFT JOIN newsscript
            ON comments.News_Id = newsscript.News_Id)
                 LEFT JOIN usersinformation ON
            comments.Users_Id = usersinformation.Users_Id
        WHERE comments.News_Id=#{id}

    </select>

    <delete id="deleteComment">
        DELETE FROM comments
        WHERE
            News_Id = #{News_Id} and Users_Id=#{Users_Id} and ExtraID=#{uuid}
    </delete>


</mapper>