<?xml version="1.0" encoding="UTF-8" ?>
<!DOCTYPE mapper
        PUBLIC "-//mybatis.org//DTD Mapper 3.0//EN"
        "http://mybatis.org/dtd/mybatis-3-mapper.dtd">

<mapper namespace="hqs.Dao.NewsScriptDao">
    <insert id="createNewsScript"  keyColumn="News_Id" keyProperty="News_Id" parameterType="hqs.entity.NewsScript"  useGeneratedKeys="true">
        insert  into newsscript values
   (#{News_Id},#{News_Editor},#{News_Content},#{PicPath},
    #{ClipsPath},#{News_HandlingDate},
    #{News_Headline},#{Outline},#{IsPost})
    </insert>


    <select id="getAllNewsScript" resultType="hqs.entity.NewsScript">
            select * from newsscript
    </select>

    <update id="updateNewsScriptById" parameterType="hqs.entity.NewsScript">
        update
            newsscript
            set
--                 去掉多余的逗号
                <trim suffixOverrides=",">
              <if test="News_Editor!= null">
                  News_Editor=#{News_Editor},
              </if>
        <if test="News_Content!= null">
            News_Content=#{News_Content},
        </if>
        <if test="News_Editor!= null">
            News_Editor=#{News_Editor},
        </if>
        <if test="PicPath!= null">
            PicPath=#{PicPath},
        </if>
        <if test="News_Headline!= null">
            News_Headline=#{News_Headline},
        </if>
        <if test="Outline!= null">
            Outline=#{Outline},
        </if>
        <if test="News_HandlingDate!= null">
            News_HandlingDate=#{News_HandlingDate}
        </if>
      </trim>
        where
            <if test="News_Id!=null">
                News_Id=#{News_Id}
            </if>

    </update>
    <update id="markIsPost" >
        update
            newsscript
        set
            IsPost=#{mark}
        where
            News_Id=#{id}
    </update>
</mapper>