<?xml version="1.0" encoding="UTF-8" ?>
<!DOCTYPE mapper
        PUBLIC "-//mybatis.org//DTD Mapper 3.0//EN"
        "http://mybatis.org/dtd/mybatis-3-mapper.dtd">
<mapper namespace="hqs.Dao.NewsRolesDao">
    <insert id="createNewsRolers" parameterType="hqs.entity.NewsRoles" >
        insert  into newsroles values (#{Users_Id},#{Role})
    </insert>

    <select id="getRole" resultType="string">
        select Role from newsroles
        <where>
            <if test="users_Id != null">
                    Users_Id = #{users_Id}
            </if>
        </where>
    </select>
</mapper>