<?xml version="1.0" encoding="UTF-8" ?>
<!DOCTYPE mapper
        PUBLIC "-//mybatis.org//DTD Mapper 3.0//EN"
        "http://mybatis.org/dtd/mybatis-3-mapper.dtd">

<mapper namespace="hqs.Dao.PostNewsDao">
    <insert id="createPostNews" parameterType="hqs.entity.PostNews" >
        insert  into postnews values
        (#{Users_Id},#{News_Id},#{News_KeyWords},#{News_PostDate},#{News_Views},#{News_Genre},#{News_Section},#{News_Sequence})
    </insert>
    <select id="getAllPostNews" resultType="hqs.entity.PostNews">
        select  * from    postnews
    </select>
    <select id="getPostNewsByNewsID" resultType="hqs.entity.PostNews">
        select * from
            postnews
            where
                News_Id=#{id};
    </select>

    <update id="updatePostNewsByID" parameterType="hqs.entity.PostNews">
        update
         postnews
        set
        --                 去掉多余的逗号
        <trim suffixOverrides=",">
            <if test="Users_Id!= null">
                Users_Id=#{Users_Id},
            </if>
            <if test="News_KeyWords!= null">
                News_KeyWords=#{News_KeyWords},
            </if>
            <if test="News_PostDate!= null">
                News_PostDate=#{News_PostDate},
            </if>
            <if test="News_Views!= null">
                News_Views=#{News_Views},
            </if>
            <if test="News_Genre!= null">
                News_Genre=#{News_Genre},
            </if>
            <if test="News_Section!= null">
                News_Section=#{News_Section},
            </if>
            <if test="News_Sequence!= null">
                News_Sequence=#{News_Sequence}
            </if>
        </trim>
        where
        <if test="News_Id!=null">
            News_Id=#{News_Id}
        </if>




    </update>

    <delete id="deletePostNewsById" parameterType="integer">
        DELETE FROM postnews WHERE News_Id = #{id}
    </delete>
    <select id="getPostNewsByGenre" resultType="hqs.entity.ShowingNews">
       SELECT
           postnews.News_Id as News_Id,
           News_Editor,
            News_Content,
            PicPath,
            ClipsPath,
            News_Headline,
            Outline,
            News_KeyWords,
            News_PostDate,
            News_Views,
            News_Genre,
            News_Section,
            News_Sequence
        FROM newsscript LEFT JOIN postnews ON newsscript.News_Id = postnews.News_Id
        where News_Genre=#{genre}
        ORDER by News_Sequence
    </select>

    <update id="addViewsByID">
        update
            postnews
        set
       News_Views = News_Views+1
    where
            News_Id=#{News_Id}
    </update>

    <select id="getHomePagePostNews" resultType="hqs.entity.ShowingNews">
        SELECT
            postnews.News_Id as News_Id,
            News_Editor,
            News_Content,
            PicPath,
            ClipsPath,
            News_Headline,
            Outline,
            News_KeyWords,
            News_PostDate,
            News_Views,
            News_Genre,
            News_Section,
            News_Sequence
        FROM newsscript LEFT JOIN postnews ON newsscript.News_Id = postnews.News_Id
        where News_Section=#{Section}
        ORDER by News_Sequence
    </select>


    <select id="getNewsByHeadLine" resultType="hqs.entity.ShowingNews">

        SELECT
            postnews.News_Id as News_Id,
            News_Editor,
            News_Content,
            PicPath,
            ClipsPath,
            News_Headline,
            Outline,
            News_KeyWords,
            News_PostDate,
            News_Views,
            News_Genre,
            News_Section,
            News_Sequence
        FROM newsscript LEFT JOIN postnews ON newsscript.News_Id = postnews.News_Id
        where
              News_Headline  like concat('%',#{headline},'%')
             or Outline like concat('%',#{headline},'%')
             or News_KeyWords like concat('%',#{headline},'%')
        ORDER by News_Sequence

    </select>
</mapper>
