<?xml version="1.0" encoding="UTF-8" ?>
<!DOCTYPE mapper
        PUBLIC "-//mybatis.org//DTD Mapper 3.0//EN"
        "http://mybatis.org/dtd/mybatis-3-mapper.dtd">



<mapper namespace="hqs.Dao.UserInformationDao">
    <insert id="createUserInformation" parameterType="hqs.entity.UserInformation" >
        insert  into usersinformation
        values(#{Users_Id},#{User_Account},#{User_Pwd},#{User_Name},#{User_IsComment},#{User_Status})
    </insert>

    <select id="getAllUserInformation" resultType="hqs.entity.UserInformation">
        select  * from usersinformation
    </select>
    <select id="getUsersByAP"  resultType="hqs.entity.UserInformation">
        select  *
        from
        usersinformation
        <where>
            <if test="account!=null and pwd !=null">
                User_Account=#{account} and User_Pwd=#{pwd}
            </if>
        </where>
    </select>

    <select id="getUserByID"  resultType="hqs.entity.UserInformation">

        select *
        from usersinformation
       where Users_Id=#{id}
</select>

<!--    private  String Users_Id;-->
<!--    private  String User_Account;-->
<!--    private  String User_Pwd;-->
<!--    private  String User_Name;-->
<!--    private  boolean User_IsComment;-->
<!--    private  boolean User_Status;-->
    <update id="updateUserByID" parameterType="hqs.entity.UserInformation">
        update
        usersinformation
        set
        <trim suffixOverrides=",">
            <if test="User_Pwd!= null">
                User_Pwd=#{User_Pwd},
            </if>
            <if test="User_Name!= null">
                User_Name=#{User_Name},
            </if>
            <if test="User_IsComment!= null">
                User_IsComment=#{User_IsComment},
            </if>
            <if test="User_Status!= null">
                User_Status=#{User_Status}
            </if>
        </trim>
        where
        <if test="Users_Id!=null">
            Users_Id=#{Users_Id}
        </if>

    </update>

    <select id="checkAbleToComment" resultType="boolean">

        select  User_IsComment
       from
           usersinformation
        where  Users_Id=#{id}

    </select>
    <select id="checkIfAccountUnique" resultType="boolean">
        select count(*)
        from
            usersinformation
        where  User_Account =#{account}
    </select>
</mapper>